"","baseMean","log2FoldChange","lfcSE","stat","pvalue","padj"
"GRMZM5G845244",15.1132925028685,-1.54953942680718,0.46769719500835,-3.31312533695978,0.000922596249359682,0.00558913927421605
"Zm00001d000534",6.12337636238119,4.64032442430506,1.18830832624773,3.90498351463851,9.42318085571886e-05,0.000758966237365602
"Zm00001d000986",359.613428929062,1.26702842343114,0.100941832110205,12.5520648569944,3.87277537883841e-36,5.4987061567409e-34
"Zm00001d001139",6.08127836790647,2.31193363068726,0.841323823277154,2.74797119340058,0.00599652772705425,0.0267435255633454
"Zm00001d001398",23.6293036689992,-1.75954237412144,0.406302988843842,-4.33061636865708,1.48692540335761e-05,0.000144753775779096
"Zm00001d001633",6.27318313037137,2.96580997029194,1.02240994435512,2.90080313348539,0.00372207637155211,0.0180127976088729
"Zm00001d001791",57.0401298095596,1.19439541518908,0.254628818556261,4.69073148106827,2.72230045938755e-06,3.14371257050074e-05
"Zm00001d001906",10.510916975217,1.49616574841132,0.575179164191072,2.60121687564172,0.00928937072669845,0.0383424494983012
"Zm00001d001916",37.9722893965842,1.01605398928809,0.299094373910261,3.39710164388763,0.000681036651228523,0.00430544411408047
"Zm00001d002121",43.5751870218712,1.32571409095865,0.300623396597094,4.40988328242268,1.03426348862289e-05,0.000104687449259403
"Zm00001d002144",9.84999339007606,1.67174168877157,0.57607348544416,2.90195909204645,0.00370836962608707,0.0179732452890543
"Zm00001d002333",110.540731019871,1.44339056212731,0.175357777558751,8.23111801610127,1.8547412436227e-16,8.46955039245144e-15
"Zm00001d002422",200.010814841101,1.07111952761923,0.132568725323092,8.0797301551232,6.49102449034773e-16,2.83455948458328e-14
"Zm00001d002514",42.0188257173017,1.00996047530288,0.322093715894101,3.13561061723707,0.00171496738719279,0.0094386777423068
"Zm00001d002590",88.6147949914812,1.1804295040676,0.23029840077765,5.1256521976776,2.9650952728548e-07,4.13759776984889e-06
"Zm00001d002679",24.9115808245023,-1.21848924044451,0.354485455417279,-3.4373462206233,0.00058744418655857,0.00380068782354366
"Zm00001d002698",36.6997070506448,-1.88228843375283,0.335221381026452,-5.61506079352469,1.96493148652205e-08,3.36551185328296e-07
"Zm00001d002890",31.9156417819727,1.03373598608535,0.330162692023034,3.13098969405433,0.0017421827424875,0.00957474925507068
"Zm00001d003052",59.3210778324848,1.07280906468727,0.325156053105682,3.29936673311319,0.000969032257577696,0.00582428062656518
"Zm00001d003068",823.46122309869,1.34267346153769,0.0919413176314618,14.6035916835527,2.6643105237387e-48,5.96782589123299e-46
"Zm00001d003070",17.5304330854238,-1.2131556238257,0.459000791655322,-2.64303601623566,0.00821662945769545,0.0347764592277734
"Zm00001d003188",29.1419912865191,-1.25267962357827,0.34504977841611,-3.63043161287763,0.000282947668716248,0.00201089422217021
"Zm00001d003248",823.12405738582,1.11233728030863,0.0708614991238463,15.6973433255282,1.57709662891757e-55,4.50304414386431e-53
"Zm00001d003301",100.306689723775,-1.12305279565176,0.186972117287938,-6.00652552873566,1.89541143577178e-09,3.82067302836759e-08
"Zm00001d003319",126.192583581805,1.37240471505825,0.19442658193007,7.05872983742454,1.68031393882334e-12,5.07669733400545e-11
"Zm00001d003451",33.2400237759993,1.00235312506335,0.293262839711721,3.41793432147306,0.000630983313529367,0.00403546844881215
"Zm00001d003494",9.70102784521663,2.0436922801606,0.651513397069162,3.13683845850932,0.00170780194432217,0.00941319854037396
"Zm00001d003521",8.93410269802011,1.91999796308772,0.746923780868746,2.57054067933755,0.0101539900693861,0.0412665397073754
"Zm00001d003544",28.389354410204,-1.42303588271272,0.356321639329724,-3.99368358708045,6.50546648941803e-05,0.000544735854961484
"Zm00001d003554",7.0463964751427,2.68446554875711,0.869612605170639,3.08696715387464,0.00202209938940392,0.0108443852283957
"Zm00001d003555",109.014153067963,1.1904253854582,0.180968056732227,6.57809674786772,4.76508156635242e-11,1.19049148402437e-09
"Zm00001d003712",7200.34031428506,1.35369483572033,0.0562479252432379,24.0665736534536,5.59892054685e-128,6.61257966221834e-125
"Zm00001d003841",633.691075795696,1.1978038616082,0.09087381182329,13.1809576111697,1.12947969073969e-39,1.80044606162512e-37
"Zm00001d003924",1370.47584116967,1.61317638379876,0.0585435608025931,27.5551463164041,3.83961800081225e-167,6.23529965719404e-164
"Zm00001d003966",26.245925507278,1.09688672556232,0.352598772367694,3.11086371117162,0.00186541013263126,0.0101587201039031
"Zm00001d004203",25.8067922371787,-1.39752513748092,0.39430497442345,-3.54427468110027,0.000393694850505516,0.00268276247067527
"Zm00001d004231",32.791837917085,1.40302437564651,0.33293095407213,4.21416019894185,2.50709293991539e-05,0.000232982102495786
"Zm00001d004287",86.8065479097284,2.46399827692389,0.273729850691087,9.00156950622311,2.22513532262049e-19,1.27628457147127e-17
"Zm00001d004308",104.242697363892,2.2669978983637,0.192421306722579,11.7814286628462,4.86612228254722e-32,5.79983739758827e-30
"Zm00001d004358",13.9458581743778,-1.34022755311853,0.507320033541494,-2.64177928035422,0.0082471781848214,0.0348830263350504
"Zm00001d004389",27.9523498697072,-1.18774003417117,0.410559065758709,-2.89298211446443,0.00381603026664889,0.0183782787909911
"Zm00001d004539",308.931923203735,1.00732753335921,0.110706962241106,9.0990441158107,9.11303253503665e-20,5.40602567027071e-18
"Zm00001d004671",260.757500241972,-1.15625397217994,0.173324544243271,-6.67103425673559,2.54006916141406e-11,6.59986170210216e-10
"Zm00001d004855",1073.36126633768,1.29088644766425,0.0687408950398191,18.7790171617126,1.12136551084978e-78,7.10644879717311e-76
"Zm00001d004905",30.3575593986194,-1.08086281098967,0.313445700842696,-3.44832552523064,0.000564073766679743,0.00367234494603852
"Zm00001d004957",19.0945348326034,1.04952500884878,0.394877750605498,2.65784792189343,0.0078641370870918,0.0335413450318297
"Zm00001d005087",45.920979577115,-1.25581440481642,0.321906550071296,-3.90117692398082,9.57261548801188e-05,0.000769808939105579
"Zm00001d005279",30.884659599369,2.27070794882309,0.464714747972301,4.88624034148027,1.02779722289409e-06,1.29385926562292e-05
"Zm00001d005454",96.6558889140669,-1.08568963454037,0.175687728944282,-6.17965546634559,6.42416441271481e-10,1.38221939584903e-08
"Zm00001d005472",217.286340476022,1.08143371050278,0.125613287824995,8.60923019553026,7.35528190181715e-18,3.769473168736e-16
"Zm00001d005479",45.5411335106401,1.06841014271534,0.274508252897717,3.89208751080222,9.93853813650332e-05,0.000794807745154711
"Zm00001d005742",824.828821825692,3.6582891249976,0.0855702663020154,42.7518726199341,0,0
"Zm00001d005770",13.4315634152007,1.37149990902897,0.529360890564745,2.59085990951427,0.00957364549353514,0.0392990791812552
"Zm00001d005830",17.7289733657225,1.3074662532175,0.487329148701563,2.68292232611389,0.00729819387214032,0.0315522414941468
"Zm00001d005871",71.3306890450654,1.00288137908085,0.220458796345937,4.54906493051502,5.38848162374334e-06,5.81191025445094e-05
"Zm00001d005898",90.7781984512358,1.26549045032586,0.202734316817396,6.24211268320052,4.31699757195838e-10,9.53003805541161e-09
"Zm00001d006343",52.2282992880861,1.00493135593866,0.243482875847088,4.12731840973398,3.67018045663509e-05,0.000326471409807428
"Zm00001d006663",37.7156487487397,1.20811294295417,0.305678755314141,3.95223064066919,7.74260603037686e-05,0.000639060141319193
"Zm00001d006754",39.388006555698,2.56143145316918,0.364684377018082,7.02369395177623,2.16077844985064e-12,6.46070269993891e-11
"Zm00001d006768",30.6174735219012,1.22300070686036,0.356262252274891,3.43286637596593,0.000597236362447951,0.00385348706369136
"Zm00001d006795",27.9649467432221,-1.1979927782451,0.393167755621705,-3.0470270288334,0.00231116926735637,0.0121266379389581
"Zm00001d006810",11.4551739601632,1.84646111624875,0.574241786533635,3.21547675482615,0.00130228041320001,0.00749106751741771
"Zm00001d006820",23.2908717588758,1.79112379044547,0.382595211859746,4.68151125503911,2.84767759269571e-06,3.27539649805279e-05
"Zm00001d007160",440.623789929423,1.92616403898512,0.108949412760073,17.6794347962838,6.03986429882973e-70,2.9061813717869e-67
"Zm00001d007161",551.922966206865,1.26189027197123,0.0984933438145534,12.8119345236888,1.4058538064819e-37,2.16143783750409e-35
"Zm00001d007347",50.1986398528602,1.57206574332606,0.280160198415112,5.61131007266328,2.00800593471122e-08,3.43702359694345e-07
"Zm00001d007403",117.201687398679,-1.68521739703947,0.197686544607262,-8.52469448736351,1.53213671560956e-17,7.67042548780022e-16
"Zm00001d007549",636.494464519287,1.57593245231354,0.0965236522172187,16.3269045059239,6.35268578258443e-60,2.03780042825792e-57
"Zm00001d007560",536.469590471794,1.67767912562585,0.104432867737185,16.0646658659981,4.51289623135556e-58,1.37951273858014e-55
"Zm00001d007726",19.4993649845366,-1.88343815313879,0.42683016401117,-4.41261727015502,1.02128443741013e-05,0.000103615906041497
"Zm00001d007729",17.6786714593251,-1.86474543133229,0.444182027020804,-4.19815597636721,2.69097267169882e-05,0.000247678154193235
"Zm00001d007732",9.57250537712704,2.70765192908499,0.986660947844758,2.74425772601979,0.00606479028497237,0.0270201381986346
"Zm00001d007743",31.6383344474288,1.03822364532707,0.353782420242561,2.93463887949899,0.00333936077190819,0.0164548854421563
"Zm00001d007842",42.3048243359763,-1.13506185640065,0.290391640107272,-3.90872773052747,9.27834599007156e-05,0.00074985774139978
"Zm00001d007844",9.47435198190047,2.02223326724797,0.616378385082248,3.28083092494901,0.00103501768051754,0.0061539735452831
"Zm00001d007924",46.4054905399882,-2.166928053607,0.291095820723771,-7.44403697799308,9.76541459706711e-14,3.50462386016015e-12
"Zm00001d008288",12.5642994807512,-3.15196802811133,0.691621686312362,-4.55735858272059,5.18009449752753e-06,5.60809980538574e-05
"Zm00001d008334",50.4927346783692,1.0787844247947,0.272746583223208,3.95526283792839,7.64505549031807e-05,0.000632325822198017
"Zm00001d008485",7.04137210110964,2.0830388555402,0.704581302511477,2.95642085322902,0.00311232097817539,0.0155275414700329
"Zm00001d008600",3090.6008606567,1.57753436697099,0.0421073001839361,37.4646287004839,3.4712748582965e-307,1.80388269286236e-303
"Zm00001d008651",454.929910946109,-1.29297376014248,0.0977158476115411,-13.2319760995429,5.73591982065556e-40,9.25691954658966e-38
"Zm00001d008695",35.6511316035177,1.31795311052887,0.34204339118818,3.85317519496753,0.000116595900927485,0.000920824101458614
"Zm00001d009022",274.526796091786,-1.04249140321194,0.141565427680092,-7.3640253859703,1.7844573749668e-13,6.14927798060508e-12
"Zm00001d009033",22.3891493824014,-1.06168369502709,0.407167835785223,-2.60748419132773,0.00912102821190207,0.0378097760098678
"Zm00001d009063",17.4558514988741,1.84838816679539,0.446729250098291,4.13760273451694,3.50953325875028e-05,0.00031336152117563
"Zm00001d009118",229.410664353377,-1.07967430337597,0.128189892356563,-8.42246048832647,3.68658804228069e-17,1.78710106534663e-15
"Zm00001d009178",24.207439037105,1.12681053507653,0.373898017757184,3.01368416402865,0.00258096340560608,0.0133084286897922
"Zm00001d009296",198.525755320458,-1.26434155422583,0.129517082433086,-9.7619675372092,1.63943229353373e-22,1.17348124746245e-20
"Zm00001d009667",64.3151075860878,1.18885712198805,0.272190190696953,4.36774418263914,1.25536409265276e-05,0.000124846489478406
"Zm00001d009687",11.6745159686557,1.92665546266432,0.644326838927451,2.9901834694197,0.00278809927130302,0.0141573545761709
"Zm00001d009932",532.055952947648,1.21010043903794,0.0831212290117479,14.5582597060362,5.17587246266844e-48,1.13970079828402e-45
"Zm00001d009969",456.469808608002,1.09872402855359,0.0882108852416204,12.4556513126929,1.30283505463671e-35,1.79108800130294e-33
"Zm00001d010087",8.33104768159895,1.74705822286264,0.666187224515081,2.62247332067097,0.00872941021817679,0.036448058122913
"Zm00001d010112",32.543582537139,1.66254719456156,0.421362065503332,3.94564990698817,7.95838229171694e-05,0.000653961565735868
"Zm00001d010313",37.3664985748632,-1.42743118759991,0.296835921591664,-4.80882226095103,1.51822120449939e-06,1.84854459027683e-05
"Zm00001d010366",30.0432274467201,1.06262804384277,0.325981532311319,3.25977989092934,0.00111498706574675,0.00655891078317813
"Zm00001d010440",155.868908392271,1.15891005637254,0.144739256700817,8.00688135885662,1.17653894328759e-15,5.02796239530286e-14
"Zm00001d010459",429.353405920875,1.26174912220345,0.09220971916676,13.6834721285898,1.27458138960152e-42,2.26831837301482e-40
"Zm00001d010496",7.088752086457,1.88412431891577,0.749562360440113,2.51363251192268,0.0119494876990034,0.047150119800031
"Zm00001d010697",21.5326668913972,1.06172309334642,0.38978349824572,2.72387902034043,0.00645201359209469,0.0284912762004412
"Zm00001d011003",31.2234606875453,2.81031756949045,0.543050806236384,5.17505459381851,2.27844348880247e-07,3.24131452530719e-06
"Zm00001d011023",21.1048203707658,-1.08808002609688,0.402730458665035,-2.70175747248825,0.00689740538064648,0.0301243175620361
"Zm00001d011080",2876.49879570594,-1.14542090841196,0.0451331499635791,-25.3787052163714,4.33402015328653e-142,6.2561580912691e-139
"Zm00001d011088",23.0081629136083,1.56477562123763,0.439933169962611,3.55684846716746,0.000375330509189241,0.00257232257843291
"Zm00001d011117",148.577346182519,1.28928947272988,0.170062872015262,7.58125190673112,3.4223636594442e-14,1.27033249947627e-12
"Zm00001d011259",23.8298382082523,-1.51980289255131,0.418319328092442,-3.6331165941619,0.00028001840887894,0.00199553437133887
"Zm00001d011319",295.67495650199,-1.1627841305693,0.116042031169709,-10.0203703679467,1.24037254673038e-23,9.56338275421228e-22
"Zm00001d011431",112.889662595237,1.15268948285275,0.203034425905598,5.67731052362862,1.36828953923979e-08,2.40380440149205e-07
"Zm00001d011443",434.298526258624,2.56467635643489,0.104896794790329,24.4495207080563,5.09180794600296e-132,6.61502229304974e-129
"Zm00001d011467",17.3403517622692,1.69634926312056,0.499214314314686,3.39803810603724,0.000678709656522734,0.00429282205584961
"Zm00001d011470",76.4689480086308,1.04609193335473,0.201101922595729,5.20179976328553,1.97367810249074e-07,2.83326398547055e-06
"Zm00001d011498",11.3653304283115,1.74510059443744,0.518307174887884,3.3669234750897,0.000760117779347895,0.00473283974617694
"Zm00001d011657",445.850136630179,1.26421037967331,0.104696480501155,12.0750036068248,1.43157970606965e-33,1.77974811018218e-31
"Zm00001d011734",2254.55496462197,1.48768272007717,0.0612316624444985,24.2959714090015,2.16227277056861e-130,2.67534920941353e-127
"Zm00001d011753",216.282651477687,1.07100800155727,0.128479363209576,8.33603136567728,7.68255488449396e-17,3.61622868775012e-15
"Zm00001d011840",132.835137283956,1.08886423181651,0.168878992955262,6.44760021813349,1.13635030551867e-10,2.70630522349144e-09
"Zm00001d011902",14.2354648500366,1.4240089681699,0.529387609926897,2.6899174470036,0.00714696965939246,0.0310223375643158
"Zm00001d011912",199.157412629562,1.22621952515049,0.16609682803027,7.38255835281226,1.55276440347674e-13,5.39378041384172e-12
"Zm00001d011930",17.3396903500763,3.37449809058615,0.748229240781704,4.50997890307078,6.48340731286267e-06,6.87865954308334e-05
"Zm00001d011987",19.1460075288605,1.04257154423128,0.41272847037676,2.52604707225447,0.0115354023976297,0.0458294129201242
"Zm00001d012036",20.2210525880825,4.17112726137247,0.578421547151442,7.21122385899014,5.54512056491517e-13,1.80549959446354e-11
"Zm00001d012090",3592.77027675588,1.52171429791849,0.121200939948796,12.5553011268837,3.71764228816811e-36,5.36641664297066e-34
"Zm00001d012142",635.525150071341,1.1156611493464,0.0755915489629656,14.7590724710906,2.68954201449238e-49,6.13003247039961e-47
"Zm00001d012212",9.06693482353604,2.51242891954705,0.802489955567091,3.13079173404931,0.00174335746897684,0.00957869678926314
"Zm00001d012216",64.1779155928122,1.15928348748135,0.23616933371005,4.90869610067422,9.16839227177254e-07,1.16319500194075e-05
"Zm00001d012229",691.504666833949,1.17321540958252,0.0940940822938372,12.4685355442311,1.10844400543952e-35,1.54014441675589e-33
"Zm00001d012394",727.663074555889,1.39474648200765,0.0800180993075264,17.4303875507883,4.85160707660411e-68,2.17343632192077e-65
"Zm00001d012632",151.039705136752,1.02736078663186,0.142714982314886,7.19868909323827,6.07941938182393e-13,1.95982076672371e-11
"Zm00001d012642",101.14022961705,1.18508274691196,0.242736562663297,4.88217652054257,1.04921267199704e-06,1.31890144443634e-05
"Zm00001d012702",696.867247294365,1.26274607016927,0.0754646417244962,16.7329499128779,7.54091173504646e-63,2.79907870873875e-60
"Zm00001d013178",22.0994306062411,1.40338176148355,0.403434332980162,3.47858783142425,0.000504063222550796,0.00333428582269281
"Zm00001d013261",642.111213419358,1.48775135140282,0.293991619944379,5.06052298934332,4.18108040795738e-07,5.634699804977e-06
"Zm00001d013553",132.943133476396,1.09885619423844,0.164911365298891,6.66331390954673,2.67720977644009e-11,6.9423095430382e-10
"Zm00001d013561",143.457558483999,1.49158836908987,0.151556922951404,9.84176994387873,7.4390420671392e-23,5.50679857636689e-21
"Zm00001d013641",142.537283012242,1.1257505861332,0.15891456155009,7.08399894353521,1.40052975620821e-12,4.29633585071521e-11
"Zm00001d014001",22.0327657249299,-1.07096385535029,0.375404160582467,-2.85282894491263,0.00433319394067309,0.0204287377927974
"Zm00001d014006",33.2294362853943,1.39200764847764,0.377069084079307,3.69165149637373,0.000222802621236195,0.00163441008119143
"Zm00001d014121",172.453254916887,-1.61580724249561,0.152510397025085,-10.5947350083276,3.15232518774401e-26,2.8538977474966e-24
"Zm00001d014133",12.7873091686413,-1.31544893924862,0.521638785115088,-2.52176214036385,0.0116768635956877,0.0462923324392361
"Zm00001d014139",12.2345585077119,2.06970715599631,0.608329461141091,3.40227999497837,0.000668261351829202,0.00423291923563583
"Zm00001d014145",59.3156197829062,1.07906731329956,0.227821953343733,4.73645009825497,2.17494263257953e-06,2.55361655771866e-05
"Zm00001d014335",92.9457272404295,-1.32175351223565,0.199608758541519,-6.62172102012611,3.55040657143397e-11,9.03528050397343e-10
"Zm00001d014443",179.861196818076,-1.05069804542765,0.146400966821433,-7.17685182167684,7.13349285480382e-13,2.27982219983232e-11
"Zm00001d014517",33.5031973180402,1.23502414247507,0.331669983429183,3.72365364422181,0.00019636026837549,0.00146483745426367
"Zm00001d014758",148.114313027916,1.0022390216328,0.148777068686629,6.73651544878755,1.62230051908257e-11,4.33219264001259e-10
"Zm00001d014852",88.0720682229748,-1.59199313548061,0.20866440370662,-7.62944281440039,2.3577048553338e-14,8.891182185216e-13
"Zm00001d014928",15.2396236568638,1.99314893780716,0.618923370954874,3.22034848148024,0.00128034854404042,0.00738288864176704
"Zm00001d015033",21.666829671455,1.31599649075391,0.395916426228596,3.32392495883482,0.000887600761783873,0.00541373957592262
"Zm00001d015054",26.9975968546392,-1.14269304166419,0.39524005008057,-2.89113676974601,0.00383851029221154,0.0184730529584242
"Zm00001d015140",71.7987884437521,1.53279707837067,0.23128428513471,6.62732912215761,3.41814957112241e-11,8.70723336337977e-10
"Zm00001d015347",22.0878631675015,-1.50449481234306,0.389827961217557,-3.8593814759825,0.000113674373025281,0.000899665316575042
"Zm00001d015715",181.088374983295,1.08050197525292,0.143309830130002,7.53962218971832,4.71334986799755e-14,1.72975945791215e-12
"Zm00001d015783",116.871970372361,1.0981829284778,0.182386949262727,6.02117055478501,1.731601741895e-09,3.50133914861151e-08
"Zm00001d016139",23.8222734227173,-1.11365000430308,0.384109546535301,-2.89930311378172,0.00373993146482463,0.018079002651263
"Zm00001d016269",7.25827533514291,2.97604984396909,0.767635042949019,3.87690722473536,0.000105792674662863,0.000840872152268333
"Zm00001d016301",121.016851917436,2.25972550607806,0.179139569255689,12.6143292376277,1.76050169373819e-36,2.56983794991008e-34
"Zm00001d016588",7567.58843376121,1.16736203613628,0.034294952291884,34.0388878864993,5.92697010263775e-254,1.92500580221046e-250
"Zm00001d016590",17.193059384667,1.32996913324457,0.452471031693001,2.93934647764798,0.00328905168063008,0.0162439516855752
"Zm00001d016623",14.3734849907352,3.00613531111726,0.678569416685159,4.43010727745786,9.41862228245249e-06,9.61965655522653e-05
"Zm00001d016635",65.2997369980909,-1.0373983336251,0.217161796656815,-4.77707566245882,1.77862862250952e-06,2.13855194348287e-05
"Zm00001d016651",224.368963436476,1.06094215779984,0.120664271178746,8.79251287423944,1.46251425044244e-18,7.98329995152223e-17
"Zm00001d017071",21.2047024759288,1.32487799752843,0.432915091074428,3.0603645491782,0.00221067730106139,0.0116843019352071
"Zm00001d017134",138.372701899737,2.04074630445466,0.165970656968393,12.2958259112229,9.53768970758944e-35,1.24531553604169e-32
"Zm00001d017195",65.3943943814018,1.00519802496112,0.247281621370914,4.06499285870241,4.80339327176497e-05,0.000416374403753988
"Zm00001d017329",103.111947882479,-1.01170419093036,0.221751943003888,-4.56232390672951,5.05905196377073e-06,5.4884904874595e-05
"Zm00001d017480",60.7606022970935,1.09491220389006,0.263994383353357,4.14748295013732,3.3615049428808e-05,0.000301803672877926
"Zm00001d017508",257.071410164068,2.26452437557816,0.168851743832157,13.4113176694767,5.190827659639e-41,8.93200497221192e-39
"Zm00001d017530",127.92935896052,1.19190221198531,0.177818605681801,6.70291057235128,2.04308510825301e-11,5.37302432871841e-10
"Zm00001d017545",1291.60082362659,1.18765612489321,0.063341174027923,18.750143853817,1.93068093051005e-78,1.19440196708197e-75
"Zm00001d017553",187.067683283504,1.04329186610493,0.139613698484341,7.47270416464143,7.85633393566073e-14,2.83909770028196e-12
"Zm00001d017591",75.7549584935603,1.39874179605421,0.278992684639204,5.01354291014145,5.34368435458667e-07,7.04796703478301e-06
"Zm00001d017782",10.671557958523,3.57365053604279,0.979022930981809,3.65022148404529,0.000262014280522673,0.00188255618465749
"Zm00001d017807",26.9675390076168,1.3298108523075,0.366159489489183,3.6317803866361,0.000281472613665226,0.00200369943037358
"Zm00001d017936",112.327614097319,1.04538603626074,0.182851288848049,5.71713791489581,1.08333190440029e-08,1.94528077899328e-07
"Zm00001d017944",7.96779274135999,3.06219696571395,0.779379159824541,3.92902084577592,8.52924463990373e-05,0.000695372963535044
"Zm00001d017952",384.679117373725,1.00103596988645,0.101964721971248,9.81747363729118,9.46867171566432e-23,6.96940895545375e-21
"Zm00001d018029",300.19908846851,1.22218450594034,0.111356831008595,10.9753887109629,5.01895252431956e-28,4.97738333738149e-26
"Zm00001d018038",31.4123796334451,-1.05064941992411,0.328600693187259,-3.19734389399287,0.00138699461805062,0.0078927466405627
"Zm00001d018190",41.1237705458544,1.15724665408,0.339456922016062,3.40911196391876,0.000651747246287663,0.00414346677276544
"Zm00001d018372",29.6907756242198,1.31369474505145,0.411132030022191,3.19531111448687,0.00139680179860808,0.00794333577002271
"Zm00001d018407",133.799706979686,1.49531460711366,0.201928598291342,7.40516509185207,1.30987410816957e-13,4.60547482443436e-12
"Zm00001d018408",26.4353229854284,2.25419519561622,0.438490999507642,5.14080151735687,2.73568927844188e-07,3.84045452608644e-06
"Zm00001d018429",283.672591575308,1.18190209274187,0.115003747347324,10.2770746171636,8.93999665873604e-25,7.42133971833669e-23
"Zm00001d018618",970.86183736162,1.23244438717668,0.0695101882070909,17.7304136122445,2.44230971709495e-70,1.26917066758556e-67
"Zm00001d018619",58.3022467655667,-1.03994631074948,0.237042319112934,-4.38717573571334,1.14832007011763e-05,0.00011505533188656
"Zm00001d018625",1012.04633104759,1.47037784227399,0.0699649523621995,21.0159200089502,4.69064049256376e-98,4.20265213511325e-95
"Zm00001d018737",204.318967957779,-1.08682174055692,0.121445599666603,-8.94904174000955,3.58581560806626e-19,2.02544015096491e-17
"Zm00001d018773",50.1930883324728,-1.54605023621865,0.265085513829769,-5.83226979808289,5.46784122449161e-09,1.03024596472781e-07
"Zm00001d018839",43.002724136029,1.06456154009997,0.283130282614241,3.75997060530051,0.000169933323050511,0.00128840896784985
"Zm00001d018931",51.72618475882,1.13695207030169,0.27141869027092,4.1889232799953,2.80281128181297e-05,0.000257333729806878
"Zm00001d019053",80.5974353648187,1.01070048258121,0.20208649240685,5.00132626650979,5.69372619020796e-07,7.46794990409759e-06
"Zm00001d019065",7.57672290424854,1.63478666900262,0.645117311044488,2.53409208064158,0.0112739102423199,0.0449831096170452
"Zm00001d019277",9.68524955916184,-3.93764325995795,0.875390078832718,-4.49815842693645,6.854461277404e-06,7.23687392811004e-05
"Zm00001d019303",25.6537467603702,1.33216468970197,0.394344176306235,3.37817766748875,0.000729679204536958,0.00456849512565874
"Zm00001d019364",233.644560813385,1.08031588024572,0.127756816685507,8.45603317516183,2.7662693704285e-17,1.35359655464866e-15
"Zm00001d019446",10.6829747127801,3.0902804701385,0.650452175746941,4.75097260853929,2.02440556774948e-06,2.39745350350204e-05
"Zm00001d019457",406.476163710541,-1.0975257736609,0.0992364515972438,-11.0597039293108,1.96745882086024e-28,1.98141405203146e-26
"Zm00001d019701",46.0977558907436,1.03162127991902,0.283616861288162,3.63737640714834,0.000275429281644258,0.00196606566619856
"Zm00001d020069",1668.50193635508,1.0897293502829,0.0628163496617035,17.3478617613347,2.04723705607191e-67,8.57957426256718e-65
"Zm00001d020177",191.009915261638,1.05774871217375,0.138699166806548,7.6262081202626,2.41759419827154e-14,9.1038188483608e-13
"Zm00001d020195",25.3551614969746,1.34208090969468,0.380986402704384,3.52264779049354,0.000427258749872403,0.0028857458013867
"Zm00001d020528",103.499291154702,1.21773879485059,0.217120229326448,5.60859206269387,2.03979184960133e-08,3.48683629132837e-07
"Zm00001d020563",26.7872094822666,-1.06933015701665,0.35102565121462,-3.04630203894374,0.00231674979955065,0.0121534645753532
"Zm00001d020589",193.287484981739,4.21012266953857,0.195253785395459,21.5623101032923,4.05835792759823e-103,4.05570438587634e-100
"Zm00001d020605",6.90041645716029,1.88334388284555,0.725742003832471,2.59505977730386,0.00945744689260554,0.038931058715236
"Zm00001d020610",302.076563060436,2.19874265166389,0.12791868628609,17.1885962520472,3.2326477971208e-66,1.31240449550921e-63
"Zm00001d020651",54.2390479886631,1.05477964817372,0.265698662171777,3.96983424587886,7.19226480807885e-05,0.000597649941904967
"Zm00001d020652",155.941114545767,-1.24301419125942,0.182578710010513,-6.80810041426982,9.88958311716058e-12,2.71055947397873e-10
"Zm00001d020722",37.1776701274949,1.36077465312013,0.335836616788726,4.0518948354467,5.08045014170444e-05,0.000437828643555245
"Zm00001d020746",32.9206730666139,1.51421061233496,0.363477263086691,4.16590187643679,3.10124080511004e-05,0.000281648164415149
"Zm00001d020751",156.357842701639,2.24812695221766,0.199132466149758,11.2896053350083,1.47698370248709e-29,1.57927849965934e-27
"Zm00001d020840",75.3509899066999,1.06173770758942,0.230602661458642,4.60418670310897,4.1408086191065e-06,4.57421628447015e-05
"Zm00001d020954",1945.21439596357,1.03075255470261,0.0593126273550426,17.3782986973848,1.20474824017325e-67,5.13163500400352e-65
"Zm00001d021047",82.6047322358211,3.67471480914832,0.262305498478095,14.0092938595231,1.36757981282965e-44,2.59370994720824e-42
"Zm00001d021048",13.6817845771809,2.23862057901947,0.665644112166059,3.36308928165055,0.000770754320841713,0.00478873972224539
"Zm00001d021056",19.0701534601705,1.20676743696309,0.42919685248854,2.81168752745061,0.0049282353636924,0.0226718023114057
"Zm00001d021177",28.3601385921434,2.6200365286939,0.38292361004749,6.84219113146082,7.79909332405917e-12,2.16963428093179e-10
"Zm00001d021214",152.051227383381,1.51686227738485,0.183690476011823,8.2577078045528,1.48496528675734e-16,6.86545427861492e-15
"Zm00001d021280",81.9288419354874,1.44853038924984,0.220487350905888,6.56967569023096,5.04249663424705e-11,1.25617631876933e-09
"Zm00001d021321",39.9442062885372,-1.02831257577224,0.278015137742774,-3.69876469361051,0.000216651336275701,0.00159514073971423
"Zm00001d021470",98.628818189121,1.27018512608089,0.192233624629836,6.60750754987196,3.90844258387301e-11,9.8691023961878e-10
"Zm00001d021656",1587.16747550795,1.84283740360608,0.0601672462701619,30.6285814599427,5.09744750459534e-206,1.10372482093251e-202
"Zm00001d021666",6.45992641219321,-3.1578526813704,0.914065440294758,-3.45473370085197,0.000550836595376284,0.003598789856088
"Zm00001d021686",45.7030670087161,-1.28363145662137,0.310089792729197,-4.13954759788682,3.47991395866587e-05,0.000311127421546126
"Zm00001d021892",25.1810364536714,1.23822999480398,0.425213179653328,2.91202167301939,0.00359097718638879,0.0174891021994264
"Zm00001d021896",14.1146573743351,-1.30838142027397,0.475618085441262,-2.75090763014215,0.00594303987321331,0.0265505510704439
"Zm00001d021897",67.6140808905486,-1.40262480474506,0.243833141190061,-5.75239607667505,8.79873572028726e-09,1.59984289867197e-07
"Zm00001d021965",1182.56477523882,1.09976324608211,0.0815789287125862,13.4809719058303,2.02422667928796e-41,3.5537487708067e-39
"Zm00001d022084",130.551074784491,-5.87438958205853,0.409092130574671,-14.3595761028365,9.27929678066537e-47,1.92883174601623e-44
"Zm00001d022088",22.2522101637022,1.52955470815923,0.402672091292352,3.79851184434019,0.000145567473987464,0.00112167250196213
"Zm00001d022493",1591.66932729542,1.53782340951955,0.0568419785790428,27.0543610191383,3.39387972871524e-161,5.18724570536519e-158
"Zm00001d022561",304.153410827895,1.01884736025164,0.105138982633232,9.69048144403112,3.30964822925484e-22,2.31791347549133e-20
"Zm00001d022613",36.7294609765662,1.17728825491652,0.335091714355941,3.5133314387654,0.000442525094523907,0.00297493648926641
"Zm00001d022669",6258.98729323041,1.99517999757807,0.0395933641942838,50.3917774652277,0,0
"Zm00001d022718",26.0234308224475,1.30120940794215,0.422167049626243,3.08221451459594,0.00205466711331802,0.010982599383942
"Zm00001d023029",18.1121754497246,-1.81728912233077,0.582890890059344,-3.1177174893671,0.00182257416811327,0.00995709516612429
"Zm00001d023410",72.9524936519678,2.21687984312395,0.222648075422195,9.95687853542057,2.35335698686975e-23,1.77753705203014e-21
"Zm00001d023411",251.35741445348,1.16418901100955,0.141942456342034,8.2018378504331,2.36739481969801e-16,1.0772682942244e-14
"Zm00001d023413",14.6623051349458,1.66721813954268,0.506208582115376,3.29353985381994,0.000989343149687996,0.00592402960837808
"Zm00001d023450",119.705014388399,1.37172216871611,0.190900266145786,7.18554351133568,6.69403517326417e-13,2.14465001118277e-11
"Zm00001d023516",84.3877569052966,2.14945378906492,0.201751637004371,10.6539595959677,1.67102627374435e-26,1.52881252361618e-24
"Zm00001d023580",47.1701351803109,1.00865241708253,0.28497618221834,3.53942708204902,0.000400996534004425,0.00272751124163272
"Zm00001d023625",187.405835292183,-1.28869497195751,0.147796877580245,-8.7193653415163,2.79765490901584e-18,1.49263793636465e-16
"Zm00001d023753",63.2632812071401,1.24371711748632,0.235775084794101,5.27501503635315,1.32745203150968e-07,1.98339195714296e-06
"Zm00001d023899",31.5413420603447,1.23364245854239,0.340238725846915,3.62581436158284,0.000288052238098018,0.00204214496657593
"Zm00001d023984",8.02323038371029,-2.12511924203389,0.644485108974371,-3.29739075805147,0.000975876284827397,0.00585593383572061
"Zm00001d024207",1223.63319896271,-2.80067207291109,0.074228452913075,-37.7304384370076,0,0
"Zm00001d024208",85.0059203164371,-2.33143402268737,0.223418828226613,-10.4352620644962,1.71140866470717e-25,1.47243481242008e-23
"Zm00001d024210",1881.40337522844,-2.48066594386174,0.0694445595823051,-35.7215303658405,1.83134011630988e-279,6.79767289172567e-276
"Zm00001d024211",98.1555253680236,-4.01525111921056,0.264310867012974,-15.1913962698078,4.03237989133417e-52,1.04773326716536e-49
"Zm00001d024634",22.2574482477433,1.05112638027942,0.363832245004068,2.8890412950278,0.00386418324680934,0.0185828379237178
"Zm00001d024664",151.591860606709,-1.31312518930596,0.157043499236362,-8.36153801775399,6.19058407579656e-17,2.95680047870261e-15
"Zm00001d024699",22.4555972432432,1.11651605481317,0.390522214918645,2.85903339723135,0.00424934044909782,0.0200858190996371
"Zm00001d024723",135.472812488016,-1.38963932306529,0.173893744861046,-7.99131288003324,1.33509242610849e-15,5.64978933348159e-14
"Zm00001d024750",39.3149997597867,-1.10133820244822,0.293962129477234,-3.74653090317036,0.000179296924400624,0.00135190713485241
"Zm00001d024904",23.8293279699322,1.13702321834476,0.379195429781054,2.99851509023005,0.00271298720810492,0.0138517482075438
"Zm00001d024925",1816.64413478576,1.07583339227242,0.0525272521311679,20.4814329442916,3.15246912417893e-93,2.48213955313761e-90
"Zm00001d024926",534.672667941132,1.10834919250855,0.0942826281555631,11.7556034891159,6.60868817790081e-32,7.76984366182791e-30
"Zm00001d024960",1696.96629612223,-1.28893496314771,0.0597952620733236,-21.5558042302275,4.67084227862494e-103,4.4949072194634e-100
"Zm00001d024962",13.1833059470836,-1.44772344871966,0.504111231121577,-2.87183335610015,0.00408098106431845,0.0194597414193772
"Zm00001d025016",167.528850631678,1.11415541235481,0.144483340581735,7.71130711588531,1.24535569472623e-14,4.81519003215353e-13
"Zm00001d025141",364.374125620911,1.69338834069231,0.112557272154663,15.044681772009,3.74128338863625e-51,9.17073266857885e-49
"Zm00001d025314",16.5273418517929,2.13609319205457,0.512867129832703,4.16500311250471,3.11348317102813e-05,0.000282480750771066
"Zm00001d025343",71.4919348432984,1.30999958958822,0.21498680009865,6.09339545026535,1.10540539416472e-09,2.30511624049614e-08
"Zm00001d025371",61.5966935523142,1.02853388275019,0.242907191469968,4.23426690879737,2.29298477396727e-05,0.000214620401231958
"Zm00001d025434",19.8356768239118,1.84300985225424,0.535465068066918,3.44188624462039,0.0005776731201435,0.00375135323990777
"Zm00001d025533",113.892297559209,-1.3460461986275,0.219473352732431,-6.13307347734611,8.6197311010897e-10,1.82979144770926e-08
"Zm00001d025724",257.594538382727,1.30070228675908,0.117342232117118,11.0846901690166,1.48864890592568e-28,1.51092048916668e-26
"Zm00001d026032",10.3187015394526,1.69731677569248,0.656050119758225,2.58717546811515,0.00967663012644247,0.0396386379592235
"Zm00001d026040",82.4211024616738,-1.31589763680537,0.213381125141142,-6.16688864085312,6.9646768827061e-10,1.49556363176324e-08
"Zm00001d026120",60.6628525955408,1.27605881183037,0.265012742091952,4.81508474557654,1.4713743361992e-06,1.79740100505236e-05
"Zm00001d026141",26.00769729504,1.88218909232016,0.368588727910877,5.10647491307782,3.28224162775849e-07,4.53389070781759e-06
"Zm00001d026147",588.68025596257,1.02546257179473,0.089615516639157,11.4429131276878,2.55171056571455e-30,2.80936845885428e-28
"Zm00001d026156",1200.4752155049,1.25078053971143,0.0706025061146037,17.7158093748277,3.16640090621434e-70,1.58216528358014e-67
"Zm00001d026162",479.059315360194,1.16866216255057,0.117860788973124,9.91561462240899,3.56058174544544e-23,2.67383223965055e-21
"Zm00001d026223",820.1708117532,1.82623530995221,0.0874872451907816,20.8743035166987,9.16954956172805e-97,7.68556149233484e-94
"Zm00001d026266",40.6059808404838,1.89396398111028,0.289503404926407,6.54211297304683,6.06556530983583e-11,1.49669120081163e-09
"Zm00001d026298",16.9798428118203,1.21910611964306,0.461885447926699,2.63941227227521,0.00830499149548273,0.0350605486195984
"Zm00001d026377",40.4835789029266,1.54222638753122,0.295737706867288,5.21484528932015,1.83970714664609e-07,2.66449892928123e-06
"Zm00001d026406",521.569123489184,1.50404097318665,0.0938716325797542,16.0223161337777,8.92624877035238e-58,2.6968688581403e-55
"Zm00001d026438",9.91550174948733,1.86552759513592,0.599009198540516,3.11435550519304,0.0018434722552389,0.0100585761461303
"Zm00001d026952",49.363119976033,1.02599104096354,0.24687823353812,4.15585864439977,3.24068149910964e-05,0.000292776868537433
"Zm00001d026981",44.1157566660392,1.23183667740719,0.282327708695319,4.36314481174981,1.28206017243954e-05,0.000127095648456683
"Zm00001d027022",27.3653768146655,2.70064588194954,0.39303556474287,6.87125065569154,6.36414544664407e-12,1.7915448660905e-10
"Zm00001d027330",597.025632403166,1.48458309559434,0.094964107125843,15.6330969723858,4.33225112569033e-55,1.21037506450335e-52
"Zm00001d027464",232.989307560415,1.05547910074747,0.135794734103577,7.77260699919634,7.68870079492744e-15,3.0500078283145e-13
"Zm00001d027481",18.7186778312431,1.27308288906462,0.43840537578377,2.90389433931697,0.00368552517073543,0.0178758634517862
"Zm00001d027684",27.3397610249083,1.27048298801418,0.400851288035157,3.16946215700511,0.00152721344269208,0.0085502234176833
"Zm00001d027864",8.51074477417075,1.74018925753768,0.615384125160778,2.82780979617085,0.00468676435616603,0.0217355688691663
"Zm00001d027924",28.8390157100725,-3.07541434387942,0.444208412372611,-6.92335907699943,4.41057891415937e-12,1.2691037865626e-10
"Zm00001d028025",193.715750032792,1.05689826199388,0.136630665066776,7.73543963558506,1.03046385130475e-14,4.0408892073842e-13
"Zm00001d028270",15.0900566920288,2.51011465073992,0.529153070821267,4.74364562761417,2.09905918659993e-06,2.47570834523042e-05
"Zm00001d028347",25.2525293676495,-2.00066797123774,0.392499423385528,-5.09725072709879,3.4462175920358e-07,4.7427474414124e-06
"Zm00001d028413",39.1420152665174,1.03994904035588,0.326256989495027,3.18751497696798,0.0014350102600315,0.00811621061959043
"Zm00001d028445",601.678983776538,1.8051828499685,0.105950165609593,17.0380370769807,4.28886467263683e-65,1.68844804225944e-62
"Zm00001d028457",78.0176382682807,1.30665664015934,0.206664641810428,6.32259407662939,2.5720833182868e-10,5.85718149509604e-09
"Zm00001d028526",133.954125159361,1.03914403546312,0.170749813575032,6.0857696632652,1.15933014572212e-09,2.41175942164114e-08
"Zm00001d028584",25.4232256952663,1.69275992673475,0.394223329007991,4.2939110960134,1.75552795154793e-05,0.000167759774788782
"Zm00001d028675",24.7169042103272,-1.3589498478636,0.433603478747414,-3.13408428315499,0.00172391332319112,0.0094859042516889
"Zm00001d028694",16.735677654085,4.25073774133408,0.917381581842818,4.63355470119128,3.59439725838933e-06,4.01864130657186e-05
"Zm00001d028776",20.5822701237966,-1.40102465493072,0.453513335657997,-3.08926892502068,0.0020064972477846,0.0107805661681529
"Zm00001d028798",18.6696218688548,1.59390136597985,0.4442365468341,3.58795641047311,0.000333279990500615,0.00231850441584404
"Zm00001d029085",71.3516415113661,2.99723008116862,0.246359527033382,12.1660814877376,4.71163460025828e-34,6.03066018810398e-32
"Zm00001d029089",127.779583758531,3.91100576169768,0.218013037022708,17.9393205796694,5.81618978338167e-72,3.14837623211679e-69
"Zm00001d029459",32.4267933424166,1.14910515706446,0.302431092845468,3.79956024446076,0.000144953073057993,0.00111793282792099
"Zm00001d029460",1080.95296422277,1.39093332126626,0.228632125781042,6.08371774751522,1.17427252903889e-09,2.43893869880235e-08
"Zm00001d029461",1809.4975031153,1.65642810198557,0.0581719944922976,28.4746657982458,2.41286468346907e-178,4.17956420470512e-175
"Zm00001d029585",77.5477564861311,1.26802730599649,0.240281325191448,5.27726116453773,1.31128941036491e-07,1.96037012367729e-06
"Zm00001d029696",126.181217318438,-1.14926415550405,0.206946202906795,-5.55344403212683,2.80095372958639e-08,4.66186565902669e-07
"Zm00001d029776",2626.08670573697,1.58264969621287,0.0510550958867939,30.998858560997,5.58485727885753e-211,1.31919406069596e-207
"Zm00001d029844",15.3652789384487,1.22974147131154,0.475687640672304,2.58518692975397,0.00973262152846804,0.039830320550352
"Zm00001d030218",19.2667037223738,1.76108944157374,0.424519169304329,4.14843326029231,3.34758406621088e-05,0.000300865710108465
"Zm00001d030338",554.508652530221,1.0144317371521,0.0852745350208899,11.8960688194148,1.24054564821461e-32,1.51329096608264e-30
"Zm00001d030581",11.7638819304948,-1.775201741866,0.638769471677427,-2.77909609112074,0.00545103974289222,0.0247007962398968
"Zm00001d030997",177.548719504345,1.38749068079982,0.135605730387615,10.2317997685925,1.42839741465022e-24,1.16710849134769e-22
"Zm00001d031077",1014.05740995661,-1.05606408526154,0.0716200075266395,-14.7453780267857,3.29469766094152e-49,7.44401124558639e-47
"Zm00001d031149",503.391940189638,1.03229235450621,0.0834565345271543,12.3692214199277,3.83520869029252e-35,5.13660965978714e-33
"Zm00001d031158",1157.2007812907,-1.13667963209553,0.126674287645611,-8.97324668819568,2.87900356934369e-19,1.63687417379118e-17
"Zm00001d031187",35.3930977662665,1.10407028547743,0.384481591758494,2.87158165473612,0.00408423251086828,0.0194702318900336
"Zm00001d031261",26.4952684762053,1.60001792304539,0.382685560270728,4.18102507425018,2.90197857129936e-05,0.000265687488435769
"Zm00001d031286",18.7747633107618,1.69311813796813,0.480410013504166,3.52431899913646,0.000424572772319797,0.00286909605804559
"Zm00001d031287",37.2459782858497,1.12021172205624,0.395415216887829,2.83300104349304,0.00461132354589677,0.0214685575511621
"Zm00001d031344",3662.38768735062,1.02607369366462,0.047631794595578,21.5417811228108,6.32283976291609e-103,5.86736948428031e-100
"Zm00001d031428",1020.22648852583,2.24609958718193,0.0680196624613653,33.021328038164,4.0145470210303e-239,1.15899972497145e-235
"Zm00001d031449",206.953265658604,-1.19258171101119,0.132958896835725,-8.96955178926205,2.97723455290809e-19,1.68902806524478e-17
"Zm00001d031484",88.6977650936507,1.00869228352144,0.190204900205425,5.30318768040166,1.13797818130048e-07,1.72107608176544e-06
"Zm00001d031653",1259.85493997847,1.00850735491028,0.0568956935308534,17.7255481447534,2.66304936359015e-70,1.3567453257679e-67
"Zm00001d031665",9.58095603266085,2.38997553158784,0.789679598334293,3.02651295111222,0.0024739222275452,0.0128380110322163
"Zm00001d031811",79.9304000776847,-1.19461652596197,0.206121845308495,-5.79568130769465,6.80443708306589e-09,1.25613222229667e-07
"Zm00001d031875",1462.23489832987,1.69618621397913,0.0770689581468263,22.0086822861635,2.378035314399e-107,2.57452048225121e-104
"Zm00001d032419",21.9480022734024,1.19673186020902,0.397188235097264,3.01300933527391,0.0025867096037621,0.0133301221012595
"Zm00001d032504",26.7636472987396,1.10140088332149,0.354600337392292,3.10603450470781,0.00189614588583404,0.010300555833499
"Zm00001d032893",178.381758011627,1.14486036288612,0.149479825958839,7.65896237530651,1.8744129665337e-14,7.13072798088509e-13
"Zm00001d032961",1091.59211623663,1.92169342614267,0.0780027932367164,24.6362129662572,5.17199320764786e-134,7.07283681654285e-131
"Zm00001d033047",763.235913529912,2.26604034659015,0.07625728717865,29.7157220041337,4.81070683830347e-194,9.61512275227993e-191
"Zm00001d033067",10.7430092091695,-2.57646214296176,0.658504697420282,-3.91259493372659,9.13096241392181e-05,0.000738635729766284
"Zm00001d033071",347.678778048389,-1.12913545946637,0.107556132022648,-10.4981039967913,8.81324959117749e-26,7.71025805143315e-24
"Zm00001d033229",24.203073347986,-1.39502456010042,0.445798032174663,-3.12927482720213,0.00175238323964701,0.00962015079563663
"Zm00001d033286",1041.5674700128,1.04348134850671,0.0638308931442464,16.347591222774,4.52517724048042e-60,1.46972100299254e-57
"Zm00001d033326",20.0203787315446,-1.08327367415633,0.424819084989895,-2.5499647083466,0.0107733824232107,0.0433387204679182
"Zm00001d033330",23.7681495946355,-1.33104636834845,0.396714020394355,-3.35517854152298,0.000793137769106806,0.00491019743976701
"Zm00001d033566",30.0450588385244,1.02713409959469,0.312491411142455,3.28691945752855,0.00101289799411536,0.00604319829646371
"Zm00001d033783",13.6282204673598,1.83419598359333,0.673922397960296,2.72167239009229,0.00649524978894004,0.0286627165873011
"Zm00001d033846",29.9197795808488,-1.02248889849003,0.345530706496471,-2.95918388515343,0.00308454983229604,0.0154215621113235
"Zm00001d033902",25.8586984567643,1.14391570074071,0.376680262640238,3.0368347221666,0.00239076505018183,0.0124807024318063
"Zm00001d033942",33.9475442672218,1.04492420318556,0.328608910480413,3.17984135505615,0.0014735570077267,0.00828911706684625
"Zm00001d034095",381.991047520983,-1.48100029598771,0.105491218244261,-14.0390861024897,8.98640033488459e-45,1.75559127745343e-42
"Zm00001d034096",313.691614571172,-2.06975980538217,0.114606996391315,-18.0596287360604,6.62667708809009e-73,3.74306414738793e-70
"Zm00001d034097",234.670841799046,-2.6117211718368,0.146035758257774,-17.88412100567,1.56806515869563e-71,8.31490551395687e-69
"Zm00001d034189",75.9591336793707,1.07420723871162,0.232608102010773,4.61809898032645,3.87271529094021e-06,4.30020347882476e-05
"Zm00001d034195",19.5072392999111,1.32696336476062,0.412569987245072,3.21633518138679,0.00129839089820775,0.00747365766684359
"Zm00001d034463",118.47681658697,1.10001181418295,0.182114160341873,6.04023219346567,1.53892608786836e-09,3.12634218460388e-08
"Zm00001d034543",72.9405387274694,1.12189319569584,0.215447807912831,5.20726205833456,1.91647347651913e-07,2.75694462057694e-06
"Zm00001d034639",9.66435627313157,-1.75509095277495,0.648771991586721,-2.7052508054216,0.00682528359947837,0.0298705312051957
"Zm00001d034674",139.135146451595,1.01237175192255,0.16277243449198,6.21955280746525,4.9857380655804e-10,1.08952424018482e-08
"Zm00001d034724",38.3817333429874,1.25255421940668,0.325890714776011,3.84347930952122,0.000121302230468584,0.000954511161194799
"Zm00001d034787",11.3304098750362,-1.54498136708586,0.608018305133334,-2.5410112722627,0.0110532355876426,0.044213390992711
"Zm00001d034838",22.1159442169005,1.09044709734984,0.393691993510462,2.76979749480443,0.00560911543885677,0.0253111577714163
"Zm00001d034839",1665.69958179116,1.00936345230354,0.065685421663389,15.3666281915052,2.74065915832024e-53,7.26638233781987e-51
"Zm00001d034848",9.67930662408401,-2.3458141707105,0.677486550915898,-3.46252507527888,0.000535132048023247,0.00351030951875487
"Zm00001d034934",27.8936563417378,1.44158275859248,0.365126601733948,3.94817236472651,7.87500984003216e-05,0.000648135510527575
"Zm00001d034984",62.8759136650134,1.11143297834508,0.231796004419673,4.79487548168779,1.62775906871522e-06,1.9726708900386e-05
"Zm00001d034986",456.241741632039,-1.15111099589516,0.0938846277533006,-12.2609102623267,1.46841050297964e-34,1.907685504946e-32
"Zm00001d035024",92.2346125362555,1.2313042394835,0.193293090177261,6.37014100376958,1.88854494647313e-10,4.39695908102251e-09
"Zm00001d035055",1524.51217616324,1.06014818896177,0.072721006487529,14.5782936756188,3.86045476250803e-48,8.57317915335437e-46
"Zm00001d035080",13.3773752587025,-1.60966504399432,0.51506826394162,-3.12514894953179,0.00177715047988566,0.00974993684942337
"Zm00001d035108",12.8451260439532,1.90607427338048,0.72771565644298,2.61925692611483,0.0088121549615284,0.0367345134550605
"Zm00001d035178",270.191231025933,-1.37417284163615,0.126647749632823,-10.8503534063586,1.98655746584834e-27,1.89767362629182e-25
"Zm00001d035300",97.3391308927141,1.65085542649331,0.205328130787374,8.04008403603906,8.97768814572887e-16,3.87487161279856e-14
"Zm00001d035386",17.0245765457536,-2.77902522705484,0.496215270485428,-5.60044277624958,2.13804979900206e-08,3.63804505091489e-07
"Zm00001d035428",623.786409333489,1.39303889466325,0.0786471527030789,17.712515288665,3.35728412192099e-70,1.64589270452591e-67
"Zm00001d035558",7.38100666109667,2.26358662845241,0.740951410726858,3.05497310037089,0.00225080708747356,0.0118465183712049
"Zm00001d035646",126.22560030785,-1.07006278501514,0.17090578072398,-6.26112692316319,3.8220527545454e-10,8.49515797445279e-09
"Zm00001d035663",113.119896426696,1.04682211848523,0.18032444417069,5.80521472449036,6.4283567788669e-09,1.19476390690485e-07
"Zm00001d035665",23.8851149782536,1.12865903060826,0.368906801930655,3.05946928791089,0.00221729520534863,0.0117097523009296
"Zm00001d035725",24.3462716185589,1.30223995490837,0.353764216435668,3.68109575363223,0.000232233763020181,0.00169736423756775
"Zm00001d035978",17.3411739069326,1.25932153031625,0.489437323477157,2.5729985636762,0.0100821626131788,0.041028164632455
"Zm00001d036051",45.5324342940826,1.30929657536823,0.286694725905602,4.56686662523163,4.95068785746934e-06,5.37599645787803e-05
"Zm00001d036118",86.0312647884546,1.39132331813565,0.225147602304598,6.17960530733678,6.4262057121411e-10,1.38221939584903e-08
"Zm00001d036164",252.950491940605,-1.93730710248388,0.1260324744164,-15.3714914465869,2.54248257304289e-53,6.81044584488387e-51
"Zm00001d036409",22.7161588323203,-1.18096214988924,0.419140187582115,-2.81758272023932,0.00483866488856526,0.022329480266287
"Zm00001d036463",42.4418721426023,1.14496168585751,0.290035150524358,3.9476652529444,7.89170433438989e-05,0.00064889289152042
"Zm00001d036638",44.4433578946615,-1.18121315006259,0.309767069977777,-3.81323021245393,0.000137162238861611,0.00106321194878915
"Zm00001d036716",8.96454181547623,2.09650196135245,0.643982439215248,3.25552660086079,0.00113182293447456,0.00665192384221954
"Zm00001d036763",359.088801834504,1.94933975758741,0.13858187197967,14.0663402055457,6.1153255795787e-45,1.20374624647116e-42
"Zm00001d036773",7.32698812079318,1.80413046092402,0.686090913044321,2.62957929717906,0.00854905913103269,0.0358505815690159
"Zm00001d036889",10.895651876871,2.21437214365454,0.741383986279038,2.98680870458013,0.00281906059812202,0.0142838634011319
"Zm00001d036893",56.0720554717967,-1.30842214627616,0.293930290345926,-4.45147094141361,8.52840750585507e-06,8.78294142784908e-05
"Zm00001d036911",9.8628074669355,2.1572939688441,0.687890992172682,3.13609858740896,0.00171211638387869,0.00942544637168407
"Zm00001d037160",200.17249835531,1.03312472876896,0.148719740390266,6.94678948509367,3.73692681643121e-12,1.0873076088615e-10
"Zm00001d037209",57.390974535764,1.09780641240432,0.254534062483064,4.31300393234151,1.61051252654732e-05,0.000154927608209104
"Zm00001d037221",9.47167950124377,1.96824978182597,0.632618652300062,3.11127371074161,0.00186282186041046,0.0101492347240606
"Zm00001d037232",15.5443321765334,1.32126390740775,0.528545895481151,2.49980922887493,0.0124260200337725,0.0486682662854252
"Zm00001d037235",39.2899169278151,1.4163008667544,0.36173546657051,3.91529445586817,9.02939409184523e-05,0.000732014810260264
"Zm00001d037426",29.262299670804,1.78292624007926,0.543856315334784,3.27830382732936,0.00104432924288449,0.00619516135111132
"Zm00001d037493",46.1076223540886,1.1402604620843,0.294626643432304,3.87018787167596,0.000108751513322288,0.000863069813883019
"Zm00001d037513",34.3371624871222,3.35640021915438,0.390422972264164,8.59683076456733,8.19476962840436e-18,4.17499410303589e-16
"Zm00001d037651",26.2501076708477,1.68213674517154,0.361722017630913,4.65035763150014,3.31359922029779e-06,3.73685974570302e-05
"Zm00001d037659",154.438079502044,-1.13941716947183,0.147446443145748,-7.72766806145025,1.09534506645761e-14,4.28619741894098e-13
"Zm00001d037701",10.8694709565492,1.50861448035205,0.563401499742006,2.67768985535693,0.00741318261064573,0.0319536701679509
"Zm00001d037892",30.2848987701268,1.33624143577253,0.390362638284381,3.42307717164027,0.000619164963984033,0.0039673892131189
"Zm00001d037968",125.050612237885,1.27091772636082,0.168455322806129,7.54453884383037,4.5389073608562e-14,1.67282879371811e-12
"Zm00001d037969",170.221176640524,2.1738449401066,0.150942557326414,14.4018027692857,5.04112149942269e-47,1.06490617820732e-44
"Zm00001d037994",13.7656964825507,1.40083062554698,0.494532747753254,2.83263470803741,0.00461661096152316,0.0214893232915185
"Zm00001d038163",1628.13814485487,-2.40594143678855,0.0669857888579242,-35.9171919568122,1.64686932120557e-282,7.13176759548072e-279
"Zm00001d038252",45.3534728665211,1.09196199346178,0.311155398950554,3.50937826290235,0.000449155620482723,0.00301560994496191
"Zm00001d038316",38.137103360397,-1.06944580207387,0.296454267457002,-3.60745625707338,0.000309213647486222,0.0021690869877523
"Zm00001d038371",1011.62523526652,1.14675222528619,0.0688924692145839,16.6455381605545,3.26022019693054e-62,1.17653196356731e-59
"Zm00001d038548",75.5110221495466,-1.17939584540078,0.216870071709458,-5.43826004254205,5.38034089034554e-08,8.53463964309207e-07
"Zm00001d038732",122.014194262645,1.38111829588729,0.17018664311386,8.11531545964675,4.84524491707884e-16,2.14470185145587e-14
"Zm00001d038751",28.0096908965721,1.25108665695863,0.361662734487663,3.45926339005023,0.000541654943381864,0.00354772381998764
"Zm00001d038772",58.5671639596875,-1.32446317144133,0.262545947187894,-5.0446909793411,4.54254917097783e-07,6.08083746056244e-06
"Zm00001d038863",35.7336793716634,-1.04445534749897,0.315123540364467,-3.31443136964941,0.000918297194453933,0.00556569069360778
"Zm00001d039021",80.1781389904795,1.05890383940847,0.197487902353967,5.36186686266255,8.23662396297793e-08,1.27161141075493e-06
"Zm00001d039116",24.3856171602509,4.65437726066116,0.593830250687995,7.83789181381165,4.5817349176086e-15,1.84569330797247e-13
"Zm00001d039118",122.954477101922,1.89317001203582,0.336592389622935,5.62451817213285,1.86026471635728e-08,3.19889200033826e-07
"Zm00001d039175",13.423170223197,1.47473370365525,0.57401388712921,2.56916032298586,0.0101945280879516,0.0413687995172959
"Zm00001d039240",189.403600125981,1.25464156787279,0.143926531535517,8.71723617937102,2.85075076896009e-18,1.51474554662352e-16
"Zm00001d039391",68.6440348400758,1.10308605832482,0.21832086032621,5.05259120304224,4.35856115521436e-07,5.85869086890506e-06
"Zm00001d039520",125.321857290182,-1.0138318289853,0.17750194505516,-5.71166602523846,1.11875478511682e-08,2.00593529716692e-07
"Zm00001d039698",1270.59538481151,1.06505572604561,0.0656540208857551,16.2222467364019,3.51112493091339e-59,1.09915131421594e-56
"Zm00001d039847",20.605075995309,1.79525343650096,0.45393545815263,3.95486495769036,7.65778935254949e-05,0.000632863679221671
"Zm00001d039952",156.436307308284,1.74030961816798,0.165200762634672,10.5345132214464,5.98923305244797e-26,5.27519465768663e-24
"Zm00001d040014",95.4538278176416,1.76190037987071,0.195490959520832,9.01269493069812,2.01053953405907e-19,1.1608855269657e-17
"Zm00001d040210",323.456505539332,1.43806319127429,0.112577903301762,12.7739383049229,2.29254575011543e-37,3.46321024565402e-35
"Zm00001d040248",591.084822146396,-1.90964030319275,0.0885543357881286,-21.5646166412639,3.86103384657989e-103,4.01284969742741e-100
"Zm00001d040265",16.7263567910758,1.36266713283023,0.510178187507821,2.67096313836298,0.00756339521112658,0.0324879645843449
"Zm00001d040275",133.360675254745,1.00621024563912,0.189930182022077,5.29779014017982,1.17212567457602e-07,1.76757640177068e-06
"Zm00001d040426",34.3491109791486,-1.30334459810403,0.36239322386392,-3.59649273848851,0.000322536582975803,0.00225402582987098
"Zm00001d040651",33.9723939072641,-1.24671462494603,0.312628503137792,-3.98784695711681,6.66756514575753e-05,0.000557590425433595
"Zm00001d040659",253.30369072823,1.07739138249239,0.11219473800352,9.60286909764514,7.77494578951301e-22,5.34434964150573e-20
"Zm00001d040682",10.8409359056808,-1.80735309532935,0.603180814924023,-2.99637032646173,0.00273214411792817,0.0139249314664825
"Zm00001d040786",109.484702876037,-1.13985266944035,0.176744385453842,-6.44915914309499,1.12472412041851e-10,2.68552466977644e-09
"Zm00001d040842",96.1468012824087,1.85135565400477,0.19271044502653,9.606929472608,7.47446808252906e-22,5.15143512435949e-20
"Zm00001d040893",14.5289338691474,-1.30356856509015,0.517278695329444,-2.52005075186779,0.0117337914613576,0.0464683895047179
"Zm00001d041204",573.629986934247,1.4157053783479,0.0817254018819799,17.3227092892407,3.17071727921337e-67,1.30769439786986e-64
"Zm00001d041226",9.14955158327643,4.2224586943306,0.873290413082016,4.83511399080714,1.33069358785387e-06,1.63786885330209e-05
"Zm00001d041384",29.4239698829564,1.40614477424262,0.399294794321392,3.52157051441752,0.00042899855609422,0.00289389751861803
"Zm00001d041518",191.391243766933,1.01413040460261,0.147300111443203,6.88479047752549,5.78726496403604e-12,1.63980922094382e-10
"Zm00001d041573",10.3720092385516,-2.65050053036073,0.61537435473263,-4.30713517711073,1.65382549568585e-05,0.00015891770656215
"Zm00001d041624",372.170521138279,1.50799922552098,0.100133214112023,15.0599303027857,2.9710008054976e-51,7.42264557011963e-49
"Zm00001d041712",222.918297707981,1.07511780941294,0.126615008573522,8.49123513496146,2.04452436773791e-17,1.00994062066415e-15
"Zm00001d041791",28.1144648347797,1.11402149784403,0.341178133355519,3.26521951124922,0.00109379275190486,0.0064429873209576
"Zm00001d041800",225.685035905914,1.08133267450426,0.130657858299156,8.27606305950938,1.27314592960265e-16,5.90716976586886e-15
"Zm00001d041856",20.3985350688461,1.13822694891376,0.417741142592858,2.724718331187,0.00643563642142328,0.0284286197106156
"Zm00001d041910",17.951228897739,1.41250914536593,0.462183522413119,3.05616508782277,0.00224187781236167,0.0118131639015602
"Zm00001d041919",18.295483640872,1.87209220072909,0.696947055857997,2.686132590695,0.00722843977831319,0.0313184176688197
"Zm00001d041959",29.0950686462932,-1.14838320072178,0.334942179372239,-3.42860132717272,0.000606700014214597,0.00390098650565154
"Zm00001d041981",9.20406960872811,2.24870482076586,0.691418578622309,3.25230604194428,0.00114472693365922,0.00671561072866728
"Zm00001d042047",131.34994622965,-1.04445326028156,0.160184944438649,-6.5202960486813,7.01687580274719e-11,1.71837402434289e-09
"Zm00001d042142",334.277792277727,1.31804562607321,0.103527647058732,12.7313395360514,3.95986573618048e-37,5.94735210538598e-35
"Zm00001d042178",22.1770064599009,1.72819268365902,0.4149886790465,4.16443332292776,3.12126823690586e-05,0.000283071248165881
"Zm00001d042217",25.1400077906475,3.25908395549503,0.683818548057525,4.76600695426131,1.87912775943503e-06,2.24898095685861e-05
"Zm00001d042244",419.17347900706,-1.67461286189224,0.10194829052854,-16.4261004594622,1.24406223754837e-60,4.19798300236615e-58
"Zm00001d042593",16.4958756618581,1.21922275075747,0.479432236087867,2.54305542886778,0.0109887795511922,0.0440144071340569
"Zm00001d042652",6.4628167078364,2.51130385298638,0.834924321151673,3.00782213353463,0.00263127090986964,0.0135165967541402
"Zm00001d042769",59.8787689665034,2.29963898426507,0.586425293637578,3.92145258605829,8.80167690316553e-05,0.000715115606550813
"Zm00001d042934",39.178531822378,-1.03477161423246,0.306640020816928,-3.37454847373051,0.000739368932580592,0.00462136708569678
"Zm00001d042935",3264.88532040115,1.9106291607058,0.0479986732518198,39.8058744391098,0,0
"Zm00001d043209",17.4528298627055,-1.32519298698495,0.442333092698854,-2.99591644590597,0.00273621396405038,0.0139414141779414
"Zm00001d043211",87.9145818676628,-1.26198455946401,0.193907839186477,-6.50816679077315,7.60734277333338e-11,1.85772168495791e-09
"Zm00001d043232",228.961540523645,1.08846897173468,0.248596744274565,4.37845223963394,1.19525127050302e-05,0.000119217711176507
"Zm00001d043234",13.6145935861825,1.72828914709607,0.52543237092718,3.28927040419363,0.0010044747071172,0.00600121092550612
"Zm00001d043273",23.0777323396493,1.10684817286657,0.370284558202661,2.98918263899296,0.00279724870473595,0.0141927188235021
"Zm00001d043350",203.48203585617,-1.03537652550278,0.149351331770129,-6.93248940756924,4.13498519648828e-12,1.19244528701837e-10
"Zm00001d043383",71.4563604152513,1.32646266402165,0.227079417570575,5.84140420216371,5.17626416782122e-09,9.78856418286017e-08
"Zm00001d043442",2183.05719780865,1.56613934607575,0.0546479018222859,28.6587278532452,1.24796272904198e-180,2.31612968490698e-177
"Zm00001d043503",44.3049605190226,1.52446723447241,0.319288820770112,4.77457128250045,1.80090487425073e-06,2.1623341657882e-05
"Zm00001d043523",508.820693514777,1.88939623436343,0.0986984653091678,19.1431166477107,1.10460745812778e-81,7.17525389613355e-79
"Zm00001d043574",6.3012774686078,-3.26660379662119,1.04061304335016,-3.13911479151237,0.0016945905058791,0.00935228230974016
"Zm00001d043598",2316.3477285121,1.24062887000462,0.0554919219534612,22.3569273928751,1.03390269472826e-110,1.16799537900541e-107
"Zm00001d043621",536.062561690903,2.09633196673317,0.19731026197387,10.6245460614248,2.29124149654978e-26,2.08888869490712e-24
"Zm00001d043654",199.151787161171,1.03628178425368,0.159871434882999,6.48196962147787,9.05328716446917e-11,2.19842579807853e-09
"Zm00001d043735",72.943519417958,2.01991272816646,0.21907134186297,9.22034215424635,2.9615368059124e-20,1.83213359114338e-18
"Zm00001d043737",394.024056380222,1.35119504446087,0.12262890847865,11.0185686329918,3.10964460219859e-28,3.0957048160508e-26
"Zm00001d043973",38.8141587991918,1.410118654767,0.314525094385549,4.48332638615618,7.34883955160736e-06,7.68080845009711e-05
"Zm00001d044079",25.6476371032287,1.46308313948178,0.402783112005912,3.63243417082567,0.000280760213478866,0.00199917583634458
"Zm00001d044112",31.3505019122281,1.15409224506839,0.336804818183965,3.42659066248281,0.000611209684051406,0.00392512635212745
"Zm00001d044147",241.606491932104,-2.27329658649943,0.147037025907971,-15.4607084335497,6.38919660264178e-54,1.76606909921746e-51
"Zm00001d044316",32.7531433896213,1.33802356090969,0.326243970913781,4.10129743443841,4.10840065580262e-05,0.000361369581041704
"Zm00001d044317",59.9277777190356,1.42223501997414,0.239946780481739,5.92729361535392,3.07968036559917e-09,6.04832463638422e-08
"Zm00001d044538",36.2619049504283,1.21708579342924,0.315110141797564,3.86241390545639,0.000112272137354894,0.000889109096279247
"Zm00001d044541",2684.61253499191,1.19078982733442,0.13803966238604,8.62643248144345,6.32953397475502e-18,3.26310081877103e-16
"Zm00001d044542",369.225450921175,1.00256475435416,0.104418684035,9.60139235252294,7.88716701757153e-22,5.40718365745544e-20
"Zm00001d044768",34.9490447200244,1.11524071782183,0.379509979663078,2.93863344202943,0.00329662710363594,0.0162678339690943
"Zm00001d044833",132.977539472484,-1.00586147996011,0.156361431496289,-6.43292575627251,1.2517080070306e-10,2.97014878051835e-09
"Zm00001d044839",27.4930886634624,1.74782989321217,0.426538716330042,4.09770514679318,4.17266316636382e-05,0.000366278064363619
"Zm00001d044927",9.26573314613642,1.67021356446191,0.619192953185633,2.69740402546406,0.00698824256601008,0.0304401519853545
"Zm00001d044988",25.289240970319,1.19343769721675,0.383380820256926,3.11293010541571,0.00185239881631418,0.0101009188760318
"Zm00001d045030",61.3521250802238,2.03216022223659,0.263058490628055,7.72512690004716,1.11741967358186e-14,4.35944675355516e-13
"Zm00001d045031",89.6375584767283,1.66391805789599,0.220965463211712,7.53021777118965,5.06557676341081e-14,1.85117976151481e-12
"Zm00001d045231",9.11551332634112,1.695056717812,0.637813669409643,2.65760487601487,0.00786981000769468,0.0335600317462549
"Zm00001d045232",177.317125394315,2.36166580085083,0.234795213459211,10.0584069243009,8.43522223274778e-24,6.56204728363729e-22
"Zm00001d045374",28.666814659118,-1.07328363738285,0.35867234447519,-2.9923791279567,0.00276812259042382,0.0140696653495661
"Zm00001d045375",25.5986231227338,-1.16506752935386,0.372926987777382,-3.12411696535448,0.00178339548580056,0.00977594196361939
"Zm00001d045392",35.8024631413719,-1.12044301806297,0.323002353493506,-3.46883855781408,0.000522713459575785,0.00344188135330908
"Zm00001d045564",638.161214245688,1.03728157733416,0.0783239977921486,13.2434707953345,4.92205354694686e-40,8.04337844718996e-38
"Zm00001d045570",29.3684454058551,1.1761699996478,0.333434107839666,3.52744356979033,0.000419593189862512,0.00283987753378423
"Zm00001d045774",116.404612786918,1.47098661190208,0.173508091653216,8.47791361132647,2.29268096148961e-17,1.12610074522466e-15
"Zm00001d046029",206.994423627241,1.03928364920806,0.140064783662092,7.42002109334882,1.1710168295354e-13,4.15662981992054e-12
"Zm00001d046035",28.4053532075305,-1.83666617752767,0.351259773734076,-5.22879735986545,1.70616244193643e-07,2.49051790611429e-06
"Zm00001d046055",7.79924707507734,-3.51211936350652,0.840137795230085,-4.18040871800639,2.90985604554742e-05,0.000266314863090731
"Zm00001d046170",10.7691526003983,-2.15079084060566,0.590121487942458,-3.64465772650425,0.000267747892275414,0.00191808477667275
"Zm00001d046186",154.938067452559,1.06465341510372,0.151829805303184,7.01215030196311,2.34682885834102e-12,6.97684830964241e-11
"Zm00001d046187",52.3540133568461,1.04312271555231,0.256346481735136,4.06919068477831,4.71767255144792e-05,0.000409827100983856
"Zm00001d046207",208.24622111432,1.02307675657196,0.161706075791583,6.32676757236116,2.5035000840239e-10,5.71603187022786e-09
"Zm00001d046491",893.710423549396,1.33478115802483,0.0758318396752181,17.6018564727111,2.38380525318961e-69,1.12615294352046e-66
"Zm00001d046758",29.2592972681257,1.02278404166792,0.358401042098066,2.85374181860794,0.00432076301105285,0.0203861240813848
"Zm00001d046778",657.401711465119,1.11152762363732,0.0841051824723391,13.2159230972822,7.10097891071997e-40,1.13891811751381e-37
"Zm00001d046834",510.457736613343,3.38369542125882,0.105140461604455,32.1826190376498,3.0899378544177e-227,8.02858552713351e-224
"Zm00001d047192",73.879842538157,-1.58724910363084,0.254119674259202,-6.24606933035749,4.20910402167108e-10,9.32354218201873e-09
"Zm00001d047210",182.538507778853,1.03086042888636,0.145781111316834,7.07128941173956,1.53500617441297e-12,4.68675828478234e-11
"Zm00001d047231",146.913307784737,2.52222887291079,0.178899300749884,14.0985954799068,3.87403355654121e-45,7.70363350737954e-43
"Zm00001d047275",154.181633042988,1.2774573725727,0.164902668115102,7.74673561789209,9.42849790255465e-15,3.71746071323335e-13
"Zm00001d047346",21.6613786779657,1.70276550712754,0.462911246093314,3.67838440197302,0.000234716028207531,0.00171165494272138
"Zm00001d047420",89.0255778911199,1.02482204512659,0.223892888978326,4.57728715638575,4.71044658515634e-06,5.13387305461901e-05
"Zm00001d047499",20.0359066767424,1.46814379905402,0.43703979480809,3.35929088493807,0.000781427668795722,0.00484925605882953
"Zm00001d047584",104.024813654889,-1.48168535277789,0.190322458687484,-7.78513141851995,6.96407805219495e-15,2.77527055261014e-13
"Zm00001d047728",19.1594086482629,1.65202122986023,0.409668071397367,4.03258478071096,5.51667028035641e-05,0.000470583203855878
"Zm00001d047830",1534.59061478014,1.0899377636652,0.0593520223673025,18.3639532435824,2.55325227791775e-75,1.47424786526971e-72
"Zm00001d047907",61.7878870446817,2.81941148756364,0.410373181000305,6.87035999938198,6.40400857138431e-12,1.80081552716752e-10
"Zm00001d048087",164.354549486545,-2.04757264780081,0.163121001921947,-12.5524771407459,3.85266017296707e-36,5.4987061567409e-34
"Zm00001d048152",80.179402869644,2.03407759598057,0.300095978310288,6.77809015446856,1.21774857509799e-11,3.31316871484513e-10
"Zm00001d048220",6.9834845620486,-2.79324070831798,0.867792077965955,-3.21879028311153,0.00128732598086425,0.00741818384581852
"Zm00001d048353",265.706550656663,1.48761206188844,0.119721353181924,12.4256201784482,1.89749164581704e-35,2.5812840540976e-33
"Zm00001d048595",76.0836466839332,1.11463551235095,0.218080409548917,5.11112169431673,3.20251595912896e-07,4.44265735002925e-06
"Zm00001d048637",21.0230337043446,-1.46777417855876,0.421631930785791,-3.48117415069414,0.000499220791391056,0.00330562024024307
"Zm00001d048639",33.2059462140647,-1.02843946656384,0.33360826244407,-3.08277576529226,0.0020507962084538,0.0109641641737151
"Zm00001d048658",227.396546536869,-2.6438223321461,0.135814635215177,-19.4664023354874,2.11622691481677e-84,1.44699799809695e-81
"Zm00001d048761",8.28137481318123,1.83555623881521,0.660676113211429,2.77829968741098,0.00546441938191424,0.0247441632625092
"Zm00001d048776",69.1819007004438,1.14209375775513,0.219080505431006,5.21312362096409,1.85687063535858e-07,2.68486754137574e-06
"Zm00001d048948",6.08010598081002,-1.87989936961075,0.740072189699558,-2.54015675197026,0.0110802795966421,0.0442989544175335
"Zm00001d049002",17.4479425557275,1.69376441904744,0.476748925951657,3.55273882508798,0.000381242774866581,0.00260542635964187
"Zm00001d049008",247.368698775305,1.16167544454287,0.118710259163001,9.78580497366938,1.2956018189843e-22,9.40324638622045e-21
"Zm00001d049113",13.7099967602543,1.54146561883632,0.504095409982747,3.05788465498838,0.00222905357359864,0.0117598982746829
"Zm00001d049304",10.7733437762125,1.80850400934604,0.619559133597338,2.91901759053304,0.00351136408844358,0.0171624855361229
"Zm00001d049420",193.677618657146,-1.27257331334987,0.143974027088522,-8.83890892742359,9.66578680109231e-19,5.33218977606755e-17
"Zm00001d049421",185.77098944022,-1.00959233519835,0.150134978265938,-6.72456443434546,1.76118472051028e-11,4.67902480501213e-10
"Zm00001d049423",33.1060691472925,-1.70766259722212,0.357738554719692,-4.77349330871022,1.81057567621772e-06,2.17294169954573e-05
"Zm00001d049430",265.400853362442,-1.18811882064804,0.118324945716161,-10.0411524675288,1.00493104730351e-23,7.7711676791926e-22
"Zm00001d049431",33.2803554375359,-1.09567455094103,0.326717316783678,-3.35358579008681,0.000797716803462646,0.00493199054022483
"Zm00001d049432",29.8855459827529,-1.23821019692264,0.322427343560129,-3.8402766441914,0.000122895741840392,0.000965004551296137
"Zm00001d049435",56.2055001743281,-1.17463608081616,0.251698292722775,-4.66684167027674,3.05864836717746e-06,3.47650308505564e-05
"Zm00001d049438",137.910530650223,-1.05227725836051,0.154871161129339,-6.79453327970927,1.08663731364621e-11,2.9751419726522e-10
"Zm00001d049601",44.9692918404989,-2.0780823508609,0.280913705887692,-7.39758262877962,1.38685939070431e-13,4.8433827350363e-12
"Zm00001d050259",617.01974109799,-1.03588408917161,0.0773841305306485,-13.3862599743411,7.27530540448559e-41,1.23551804133823e-38
"Zm00001d050470",97.0862862168403,1.10319078293643,0.201946110437012,5.46279787488416,4.68688153551864e-08,7.51259981106607e-07
"Zm00001d050544",7.00802125071621,1.98266669784837,0.78807439254685,2.5158369775738,0.0118750096281893,0.046906233433341
"Zm00001d050557",61.7648610194311,-1.06466785965152,0.247552589273278,-4.30077448503765,1.70202203632471e-05,0.000162955027880365
"Zm00001d050628",218.286468199224,1.61316031220761,0.164820915949127,9.78735194449178,1.2759370258465e-22,9.28646267298868e-21
"Zm00001d050649",39.6068720257195,1.02532434581421,0.325791186176163,3.1471825798866,0.00164851987988474,0.00913657698440054
"Zm00001d050689",41.3832791054602,-1.22011470361278,0.345211628623914,-3.53439630199136,0.000408707773645863,0.002774876948691
"Zm00001d050805",107.662207341455,-1.20075724990461,0.181568662456773,-6.6132405981152,3.75996591815747e-11,9.53123848307175e-10
"Zm00001d050885",23.1927266238328,-1.25887166654499,0.430768100645051,-2.92238832137268,0.00347358165767466,0.0170194365852085
"Zm00001d051047",25.9081833503606,1.0353625723531,0.357965644753197,2.892351787186,0.00382369543824616,0.0184051646113283
"Zm00001d051125",41.6298832854441,-1.13801044094704,0.290232651166185,-3.92102830737479,8.81719033366247e-05,0.000715704643672452
"Zm00001d051294",25.930419943943,1.05743351806627,0.404255984459134,2.61575229240214,0.00890311204107499,0.0370311361299983
"Zm00001d051384",62.7744257152882,1.10011716375219,0.267550381464915,4.11181310125119,3.92564037715068e-05,0.000346820516557314
"Zm00001d051388",28.2185144876294,1.05653028656097,0.413062667169519,2.55779660214941,0.0105337684495978,0.0424932317382237
"Zm00001d051418",58.0244745720902,1.54090596068437,0.29059050370858,5.30267142600667,1.14120216592294e-07,1.72494798587409e-06
"Zm00001d051577",18.458040078512,1.23773117459769,0.418857206648178,2.95501940745483,0.00312649382891193,0.0155832896905081
"Zm00001d051606",22.9640283093695,1.38668698214642,0.398056371879661,3.48364473001234,0.000494635600833025,0.00328111228400421
"Zm00001d051769",7.09297490958284,1.90966669420028,0.687797400271691,2.77649594698371,0.00549483201374839,0.0248775431631337
"Zm00001d052010",313.739228708201,1.31313664205566,0.113147439670241,11.6055356257525,3.8626142778691e-31,4.38263348392458e-29
"Zm00001d052041",260.792064130918,1.21874294423356,0.129896158663494,9.38244022589468,6.44632077157021e-21,4.11535018692159e-19
"Zm00001d052042",46.6824666706139,1.43595080030972,0.283632808286564,5.06271051287879,4.13337249673424e-07,5.57908662766991e-06
"Zm00001d052125",26.3793713495495,1.50812429984262,0.371543169983551,4.0590822862102,4.92659520583524e-05,0.000426124245117234
"Zm00001d052223",54.5374331320942,1.08626429181787,0.245926002157019,4.41703716683163,1.00063029710789e-05,0.000101758814128197
"Zm00001d052243",341.407683022618,-1.95594473735531,0.120098250155326,-16.2862051264331,1.23668784563294e-59,3.91864149915618e-57
"Zm00001d052333",31.2726534953907,1.01225895204943,0.337357630951202,3.00055151915579,0.00269491160683966,0.0137892651202274
"Zm00001d052500",22.491772614634,1.47218863020995,0.410520676806494,3.58614976878227,0.000335596265539705,0.00233274418606692
"Zm00001d052613",16.1747159494969,1.37377342454836,0.477139210690897,2.87918786334733,0.00398700754527732,0.0190606103125925
"Zm00001d052636",76.5820042692719,1.46693056794919,0.217045013307023,6.75864672308379,1.39286552725801e-11,3.75813343662979e-10
"Zm00001d052757",94.4146754541171,1.02579826972573,0.19336058199137,5.30510541063387,1.12607904896971e-07,1.70506479774942e-06
"Zm00001d052828",41.0082009573269,2.01962374122693,0.304501319659351,6.63256153860451,3.29910721810388e-11,8.41223776722208e-10
"Zm00001d052935",16.3069492472198,1.26246312530316,0.454270604864671,2.77909931169606,0.00545098569708737,0.0247007962398968
"Zm00001d052940",84.1209768971752,3.50492042896434,0.255607172270139,13.7121364703341,8.58909574553195e-43,1.53910672245625e-40
"Zm00001d052946",13.2016447961341,1.41571894458105,0.504781314159664,2.80461836614906,0.00503761870690341,0.0230525619692623
"Zm00001d053004",259.662014954229,1.41578706205352,0.121092209385648,11.6918096485018,1.40363507911655e-31,1.62815402949488e-29
"Zm00001d053099",8.49004116021057,2.86524913698838,0.823352887969176,3.47997702911518,0.000501456775308312,0.00331788932845324
"Zm00001d053186",48.0893392665413,2.58084421279768,0.36214877554646,7.12647504855799,1.02971894536203e-12,3.22740498882288e-11
"Zm00001d053202",91.0604325632968,1.58683116712975,0.213993655829226,7.41531874382338,1.21332640371278e-13,4.29507628714837e-12
"Zm00001d053304",42.8425557297005,1.7524577319587,0.279342618492167,6.27350649685359,3.53006190688756e-10,7.88663787847458e-09
"Zm00001d053626",438.597104002318,1.80227627804354,0.112589909739694,16.0074404732215,1.13378863123408e-57,3.38611839142013e-55
"Zm00001d054015",119.705393223647,1.21360888028986,0.161252979258027,7.52611756926313,5.2271277718679e-14,1.90485919910861e-12
"Zm00001d054057",287.44245597903,-1.19795749147916,0.127100762964547,-9.42525806720226,4.29049189568483e-21,2.77313062003928e-19
"zma-MIR156b",22.1948776462884,1.3817861402193,0.407237549788471,3.39307154003121,0.000691135856281172,0.00435928394061967
"zma-MIR399b",32.3072873937451,4.23267579276609,0.462885590896374,9.14410790919101,6.01240326732997e-20,3.62460032703097e-18
"zma-MIR399c",6.10836858445928,4.65967378715834,1.18124671293155,3.94470836290773,7.98971558872479e-05,0.000655706822936943
"zma-MIR399e",19.8308708491978,2.81303278431508,0.48625346350061,5.78511619035809,7.24622267913459e-09,1.33247419583832e-07
"zma-MIR399j",30.5468426862143,3.0594253277772,0.378969099591226,8.0730205472616,6.85800609065752e-16,2.9748175668373e-14
